Page Name,ym,visits,year,month_num,month_name
eJournals & eBooks,2020-09,536,2020,9,Sep
Subject Portals,2020-09,138,2020,9,Sep
Search Resources,2020-09,0,2020,9,Sep
Reference,2020-09,13,2020,9,Sep
Offsite Access,2020-09,174,2020,9,Sep
Local Library Contact,2020-09,47,2020,9,Sep
Library Catalogs,2020-09,49,2020,9,Sep
Home,2020-09,6807,2020,9,Sep
"Grants, Stats & Copyright",2020-09,7,2020,9,Sep
Education,2020-09,8,2020,9,Sep
Databases,2020-09,2049,2020,9,Sep
Browzine,2020-09,0,2020,9,Sep
Ask a Librarian,2020-09,68,2020,9,Sep
About Us,2020-09,11,2020,9,Sep
eJournals & eBooks,2020-10,541,2020,10,Oct
Subject Portals,2020-10,110,2020,10,Oct
Search Resources,2020-10,0,2020,10,Oct
Reference,2020-10,8,2020,10,Oct
Offsite Access,2020-10,141,2020,10,Oct
Local Library Contact,2020-10,53,2020,10,Oct
Library Catalogs,2020-10,45,2020,10,Oct
Home,2020-10,7262,2020,10,Oct
"Grants, Stats & Copyright",2020-10,13,2020,10,Oct
Education,2020-10,16,2020,10,Oct
Databases,2020-10,2101,2020,10,Oct
Browzine,2020-10,0,2020,10,Oct
Ask a Librarian,2020-10,70,2020,10,Oct
About Us,2020-10,6,2020,10,Oct
eJournals & eBooks,2020-11,461,2020,11,Nov
Subject Portals,2020-11,101,2020,11,Nov
Search Resources,2020-11,0,2020,11,Nov
Reference,2020-11,28,2020,11,Nov
Offsite Access,2020-11,67,2020,11,Nov
Local Library Contact,2020-11,29,2020,11,Nov
Library Catalogs,2020-11,40,2020,11,Nov
Home,2020-11,6016,2020,11,Nov
"Grants, Stats & Copyright",2020-11,9,2020,11,Nov
Education,2020-11,19,2020,11,Nov
Databases,2020-11,1675,2020,11,Nov
Browzine,2020-11,0,2020,11,Nov
Ask a Librarian,2020-11,54,2020,11,Nov
About Us,2020-11,6,2020,11,Nov
eJournals & eBooks,2020-12,503,2020,12,Dec
Subject Portals,2020-12,101,2020,12,Dec
Search Resources,2020-12,0,2020,12,Dec
Reference,2020-12,15,2020,12,Dec
Offsite Access,2020-12,129,2020,12,Dec
Local Library Contact,2020-12,42,2020,12,Dec
Library Catalogs,2020-12,43,2020,12,Dec
Home,2020-12,6278,2020,12,Dec
"Grants, Stats & Copyright",2020-12,2,2020,12,Dec
Education,2020-12,22,2020,12,Dec
Databases,2020-12,1742,2020,12,Dec
Browzine,2020-12,0,2020,12,Dec
Ask a Librarian,2020-12,93,2020,12,Dec
About Us,2020-12,5,2020,12,Dec
eJournals & eBooks,2021-01,509,2021,1,Jan
Subject Portals,2021-01,102,2021,1,Jan
Search Resources,2021-01,0,2021,1,Jan
Reference,2021-01,23,2021,1,Jan
Offsite Access,2021-01,106,2021,1,Jan
Local Library Contact,2021-01,30,2021,1,Jan
Library Catalogs,2021-01,51,2021,1,Jan
Home,2021-01,6829,2021,1,Jan
"Grants, Stats & Copyright",2021-01,1,2021,1,Jan
Education,2021-01,27,2021,1,Jan
Databases,2021-01,1812,2021,1,Jan
Browzine,2021-01,0,2021,1,Jan
Ask a Librarian,2021-01,75,2021,1,Jan
About Us,2021-01,2,2021,1,Jan
eJournals & eBooks,2021-02,538,2021,2,Feb
Subject Portals,2021-02,123,2021,2,Feb
Search Resources,2021-02,0,2021,2,Feb
Reference,2021-02,17,2021,2,Feb
Offsite Access,2021-02,68,2021,2,Feb
Local Library Contact,2021-02,52,2021,2,Feb
Library Catalogs,2021-02,51,2021,2,Feb
Home,2021-02,6859,2021,2,Feb
"Grants, Stats & Copyright",2021-02,5,2021,2,Feb
Education,2021-02,31,2021,2,Feb
Databases,2021-02,1758,2021,2,Feb
Browzine,2021-02,0,2021,2,Feb
Ask a Librarian,2021-02,78,2021,2,Feb
About Us,2021-02,5,2021,2,Feb
eJournals & eBooks,2021-03,733,2021,3,Mar
Subject Portals,2021-03,127,2021,3,Mar
Search Resources,2021-03,0,2021,3,Mar
Reference,2021-03,22,2021,3,Mar
Offsite Access,2021-03,107,2021,3,Mar
Local Library Contact,2021-03,63,2021,3,Mar
Library Catalogs,2021-03,58,2021,3,Mar
Home,2021-03,8814,2021,3,Mar
"Grants, Stats & Copyright",2021-03,6,2021,3,Mar
Education,2021-03,24,2021,3,Mar
Databases,2021-03,2233,2021,3,Mar
Browzine,2021-03,0,2021,3,Mar
Ask a Librarian,2021-03,112,2021,3,Mar
About Us,2021-03,7,2021,3,Mar
eJournals & eBooks,2021-04,641,2021,4,Apr
Subject Portals,2021-04,134,2021,4,Apr
Search Resources,2021-04,0,2021,4,Apr
Reference,2021-04,23,2021,4,Apr
Offsite Access,2021-04,95,2021,4,Apr
Local Library Contact,2021-04,45,2021,4,Apr
Library Catalogs,2021-04,49,2021,4,Apr
Home,2021-04,7935,2021,4,Apr
"Grants, Stats & Copyright",2021-04,7,2021,4,Apr
Education,2021-04,21,2021,4,Apr
Databases,2021-04,2105,2021,4,Apr
Browzine,2021-04,0,2021,4,Apr
Ask a Librarian,2021-04,95,2021,4,Apr
About Us,2021-04,9,2021,4,Apr
eJournals & eBooks,2021-05,533,2021,5,May
Subject Portals,2021-05,104,2021,5,May
Search Resources,2021-05,0,2021,5,May
Reference,2021-05,27,2021,5,May
Offsite Access,2021-05,89,2021,5,May
Local Library Contact,2021-05,48,2021,5,May
Library Catalogs,2021-05,54,2021,5,May
Home,2021-05,7421,2021,5,May
"Grants, Stats & Copyright",2021-05,1,2021,5,May
Education,2021-05,24,2021,5,May
Databases,2021-05,1916,2021,5,May
Browzine,2021-05,0,2021,5,May
Ask a Librarian,2021-05,95,2021,5,May
About Us,2021-05,3,2021,5,May
eJournals & eBooks,2021-06,544,2021,6,Jun
Subject Portals,2021-06,106,2021,6,Jun
Search Resources,2021-06,0,2021,6,Jun
Reference,2021-06,30,2021,6,Jun
Offsite Access,2021-06,60,2021,6,Jun
Local Library Contact,2021-06,46,2021,6,Jun
Library Catalogs,2021-06,43,2021,6,Jun
Home,2021-06,7264,2021,6,Jun
"Grants, Stats & Copyright",2021-06,5,2021,6,Jun
Education,2021-06,42,2021,6,Jun
Databases,2021-06,1836,2021,6,Jun
Browzine,2021-06,0,2021,6,Jun
Ask a Librarian,2021-06,86,2021,6,Jun
About Us,2021-06,5,2021,6,Jun
eJournals & eBooks,2021-07,613,2021,7,Jul
Subject Portals,2021-07,169,2021,7,Jul
Search Resources,2021-07,0,2021,7,Jul
Reference,2021-07,38,2021,7,Jul
Offsite Access,2021-07,107,2021,7,Jul
Local Library Contact,2021-07,50,2021,7,Jul
Library Catalogs,2021-07,76,2021,7,Jul
Home,2021-07,7560,2021,7,Jul
"Grants, Stats & Copyright",2021-07,3,2021,7,Jul
Education,2021-07,27,2021,7,Jul
Databases,2021-07,2079,2021,7,Jul
Browzine,2021-07,0,2021,7,Jul
Ask a Librarian,2021-07,103,2021,7,Jul
About Us,2021-07,12,2021,7,Jul
eJournals & eBooks,2021-08,649,2021,8,Aug
Subject Portals,2021-08,138,2021,8,Aug
Search Resources,2021-08,0,2021,8,Aug
Reference,2021-08,40,2021,8,Aug
Offsite Access,2021-08,102,2021,8,Aug
Local Library Contact,2021-08,52,2021,8,Aug
Library Catalogs,2021-08,57,2021,8,Aug
Home,2021-08,7461,2021,8,Aug
"Grants, Stats & Copyright",2021-08,3,2021,8,Aug
Education,2021-08,22,2021,8,Aug
Databases,2021-08,2000,2021,8,Aug
Browzine,2021-08,0,2021,8,Aug
Ask a Librarian,2021-08,100,2021,8,Aug
About Us,2021-08,8,2021,8,Aug
eJournals & eBooks,2021-09,558,2021,9,Sep
Subject Portals,2021-09,129,2021,9,Sep
Search Resources,2021-09,0,2021,9,Sep
Reference,2021-09,39,2021,9,Sep
Offsite Access,2021-09,120,2021,9,Sep
Local Library Contact,2021-09,42,2021,9,Sep
Library Catalogs,2021-09,62,2021,9,Sep
Home,2021-09,7225,2021,9,Sep
"Grants, Stats & Copyright",2021-09,10,2021,9,Sep
Education,2021-09,33,2021,9,Sep
Databases,2021-09,1973,2021,9,Sep
Browzine,2021-09,0,2021,9,Sep
Ask a Librarian,2021-09,106,2021,9,Sep
About Us,2021-09,1,2021,9,Sep
eJournals & eBooks,2021-10,529,2021,10,Oct
Subject Portals,2021-10,136,2021,10,Oct
Search Resources,2021-10,0,2021,10,Oct
Reference,2021-10,37,2021,10,Oct
Offsite Access,2021-10,90,2021,10,Oct
Local Library Contact,2021-10,52,2021,10,Oct
Library Catalogs,2021-10,51,2021,10,Oct
Home,2021-10,7181,2021,10,Oct
"Grants, Stats & Copyright",2021-10,4,2021,10,Oct
Education,2021-10,30,2021,10,Oct
Databases,2021-10,2043,2021,10,Oct
Browzine,2021-10,0,2021,10,Oct
Ask a Librarian,2021-10,110,2021,10,Oct
About Us,2021-10,3,2021,10,Oct
eJournals & eBooks,2021-11,531,2021,11,Nov
Subject Portals,2021-11,110,2021,11,Nov
Search Resources,2021-11,0,2021,11,Nov
Reference,2021-11,30,2021,11,Nov
Offsite Access,2021-11,114,2021,11,Nov
Local Library Contact,2021-11,50,2021,11,Nov
Library Catalogs,2021-11,48,2021,11,Nov
Home,2021-11,7314,2021,11,Nov
"Grants, Stats & Copyright",2021-11,3,2021,11,Nov
Education,2021-11,21,2021,11,Nov
Databases,2021-11,2151,2021,11,Nov
Browzine,2021-11,0,2021,11,Nov
Ask a Librarian,2021-11,82,2021,11,Nov
About Us,2021-11,10,2021,11,Nov
eJournals & eBooks,2021-12,380,2021,12,Dec
Subject Portals,2021-12,58,2021,12,Dec
Search Resources,2021-12,0,2021,12,Dec
Reference,2021-12,25,2021,12,Dec
Offsite Access,2021-12,59,2021,12,Dec
Local Library Contact,2021-12,29,2021,12,Dec
Library Catalogs,2021-12,34,2021,12,Dec
Home,2021-12,6223,2021,12,Dec
"Grants, Stats & Copyright",2021-12,2,2021,12,Dec
Education,2021-12,16,2021,12,Dec
Databases,2021-12,1612,2021,12,Dec
Browzine,2021-12,0,2021,12,Dec
Ask a Librarian,2021-12,76,2021,12,Dec
About Us,2021-12,3,2021,12,Dec
eJournals & eBooks,2022-01,534,2022,1,Jan
Subject Portals,2022-01,98,2022,1,Jan
Search Resources,2022-01,0,2022,1,Jan
Reference,2022-01,18,2022,1,Jan
Offsite Access,2022-01,103,2022,1,Jan
Local Library Contact,2022-01,33,2022,1,Jan
Library Catalogs,2022-01,41,2022,1,Jan
Home,2022-01,6497,2022,1,Jan
"Grants, Stats & Copyright",2022-01,2,2022,1,Jan
Education,2022-01,19,2022,1,Jan
Databases,2022-01,1907,2022,1,Jan
Browzine,2022-01,0,2022,1,Jan
Ask a Librarian,2022-01,92,2022,1,Jan
About Us,2022-01,7,2022,1,Jan
eJournals & eBooks,2022-02,600,2022,2,Feb
Subject Portals,2022-02,92,2022,2,Feb
Search Resources,2022-02,0,2022,2,Feb
Reference,2022-02,24,2022,2,Feb
Offsite Access,2022-02,84,2022,2,Feb
Local Library Contact,2022-02,29,2022,2,Feb
Library Catalogs,2022-02,43,2022,2,Feb
Home,2022-02,6644,2022,2,Feb
"Grants, Stats & Copyright",2022-02,2,2022,2,Feb
Education,2022-02,15,2022,2,Feb
Databases,2022-02,1993,2022,2,Feb
Browzine,2022-02,0,2022,2,Feb
Ask a Librarian,2022-02,78,2022,2,Feb
About Us,2022-02,13,2022,2,Feb
eJournals & eBooks,2022-03,525,2022,3,Mar
Subject Portals,2022-03,152,2022,3,Mar
Search Resources,2022-03,0,2022,3,Mar
Reference,2022-03,33,2022,3,Mar
Offsite Access,2022-03,67,2022,3,Mar
Local Library Contact,2022-03,28,2022,3,Mar
Library Catalogs,2022-03,26,2022,3,Mar
Home,2022-03,7412,2022,3,Mar
"Grants, Stats & Copyright",2022-03,2,2022,3,Mar
Education,2022-03,16,2022,3,Mar
Databases,2022-03,2123,2022,3,Mar
Browzine,2022-03,0,2022,3,Mar
Ask a Librarian,2022-03,83,2022,3,Mar
About Us,2022-03,2,2022,3,Mar
eJournals & eBooks,2022-04,598,2022,4,Apr
Subject Portals,2022-04,127,2022,4,Apr
Search Resources,2022-04,0,2022,4,Apr
Reference,2022-04,18,2022,4,Apr
Offsite Access,2022-04,72,2022,4,Apr
Local Library Contact,2022-04,29,2022,4,Apr
Library Catalogs,2022-04,49,2022,4,Apr
Home,2022-04,7234,2022,4,Apr
"Grants, Stats & Copyright",2022-04,3,2022,4,Apr
Education,2022-04,16,2022,4,Apr
Databases,2022-04,1883,2022,4,Apr
Browzine,2022-04,0,2022,4,Apr
Ask a Librarian,2022-04,104,2022,4,Apr
About Us,2022-04,5,2022,4,Apr
eJournals & eBooks,2022-05,493,2022,5,May
Subject Portals,2022-05,173,2022,5,May
Search Resources,2022-05,0,2022,5,May
Reference,2022-05,27,2022,5,May
Offsite Access,2022-05,61,2022,5,May
Local Library Contact,2022-05,33,2022,5,May
Library Catalogs,2022-05,53,2022,5,May
Home,2022-05,6755,2022,5,May
"Grants, Stats & Copyright",2022-05,0,2022,5,May
Education,2022-05,16,2022,5,May
Databases,2022-05,1852,2022,5,May
Browzine,2022-05,0,2022,5,May
Ask a Librarian,2022-05,98,2022,5,May
About Us,2022-05,4,2022,5,May
eJournals & eBooks,2022-06,434,2022,6,Jun
Subject Portals,2022-06,128,2022,6,Jun
Search Resources,2022-06,0,2022,6,Jun
Reference,2022-06,15,2022,6,Jun
Offsite Access,2022-06,48,2022,6,Jun
Local Library Contact,2022-06,37,2022,6,Jun
Library Catalogs,2022-06,42,2022,6,Jun
Home,2022-06,6379,2022,6,Jun
"Grants, Stats & Copyright",2022-06,0,2022,6,Jun
Education,2022-06,36,2022,6,Jun
Databases,2022-06,1624,2022,6,Jun
Browzine,2022-06,0,2022,6,Jun
Ask a Librarian,2022-06,68,2022,6,Jun
About Us,2022-06,5,2022,6,Jun
eJournals & eBooks,2022-07,473,2022,7,Jul
Subject Portals,2022-07,121,2022,7,Jul
Search Resources,2022-07,0,2022,7,Jul
Reference,2022-07,38,2022,7,Jul
Offsite Access,2022-07,68,2022,7,Jul
Local Library Contact,2022-07,40,2022,7,Jul
Library Catalogs,2022-07,41,2022,7,Jul
Home,2022-07,6257,2022,7,Jul
"Grants, Stats & Copyright",2022-07,3,2022,7,Jul
Education,2022-07,19,2022,7,Jul
Databases,2022-07,1730,2022,7,Jul
Browzine,2022-07,0,2022,7,Jul
Ask a Librarian,2022-07,67,2022,7,Jul
About Us,2022-07,11,2022,7,Jul
eJournals & eBooks,2022-08,523,2022,8,Aug
Subject Portals,2022-08,201,2022,8,Aug
Search Resources,2022-08,0,2022,8,Aug
Reference,2022-08,24,2022,8,Aug
Offsite Access,2022-08,111,2022,8,Aug
Local Library Contact,2022-08,36,2022,8,Aug
Library Catalogs,2022-08,44,2022,8,Aug
Home,2022-08,7257,2022,8,Aug
"Grants, Stats & Copyright",2022-08,0,2022,8,Aug
Education,2022-08,19,2022,8,Aug
Databases,2022-08,2020,2022,8,Aug
Browzine,2022-08,0,2022,8,Aug
Ask a Librarian,2022-08,73,2022,8,Aug
About Us,2022-08,10,2022,8,Aug
eJournals & eBooks,2022-09,511,2022,9,Sep
Subject Portals,2022-09,161,2022,9,Sep
Search Resources,2022-09,0,2022,9,Sep
Reference,2022-09,45,2022,9,Sep
Offsite Access,2022-09,133,2022,9,Sep
Local Library Contact,2022-09,67,2022,9,Sep
Library Catalogs,2022-09,60,2022,9,Sep
Home,2022-09,6743,2022,9,Sep
"Grants, Stats & Copyright",2022-09,2,2022,9,Sep
Education,2022-09,29,2022,9,Sep
Databases,2022-09,1944,2022,9,Sep
Browzine,2022-09,0,2022,9,Sep
Ask a Librarian,2022-09,80,2022,9,Sep
About Us,2022-09,14,2022,9,Sep
eJournals & eBooks,2022-10,496,2022,10,Oct
Subject Portals,2022-10,135,2022,10,Oct
Search Resources,2022-10,0,2022,10,Oct
Reference,2022-10,33,2022,10,Oct
Offsite Access,2022-10,79,2022,10,Oct
Local Library Contact,2022-10,46,2022,10,Oct
Library Catalogs,2022-10,35,2022,10,Oct
Home,2022-10,6541,2022,10,Oct
"Grants, Stats & Copyright",2022-10,4,2022,10,Oct
Education,2022-10,17,2022,10,Oct
Databases,2022-10,1859,2022,10,Oct
Browzine,2022-10,0,2022,10,Oct
Ask a Librarian,2022-10,70,2022,10,Oct
About Us,2022-10,33,2022,10,Oct
eJournals & eBooks,2022-11,461,2022,11,Nov
Subject Portals,2022-11,152,2022,11,Nov
Search Resources,2022-11,0,2022,11,Nov
Reference,2022-11,34,2022,11,Nov
Offsite Access,2022-11,96,2022,11,Nov
Local Library Contact,2022-11,37,2022,11,Nov
Library Catalogs,2022-11,33,2022,11,Nov
Home,2022-11,6612,2022,11,Nov
"Grants, Stats & Copyright",2022-11,5,2022,11,Nov
Education,2022-11,19,2022,11,Nov
Databases,2022-11,1962,2022,11,Nov
Browzine,2022-11,0,2022,11,Nov
Ask a Librarian,2022-11,77,2022,11,Nov
About Us,2022-11,16,2022,11,Nov
eJournals & eBooks,2022-12,423,2022,12,Dec
Subject Portals,2022-12,79,2022,12,Dec
Search Resources,2022-12,0,2022,12,Dec
Reference,2022-12,45,2022,12,Dec
Offsite Access,2022-12,70,2022,12,Dec
Local Library Contact,2022-12,34,2022,12,Dec
Library Catalogs,2022-12,42,2022,12,Dec
Home,2022-12,6154,2022,12,Dec
"Grants, Stats & Copyright",2022-12,5,2022,12,Dec
Education,2022-12,16,2022,12,Dec
Databases,2022-12,1707,2022,12,Dec
Browzine,2022-12,0,2022,12,Dec
Ask a Librarian,2022-12,71,2022,12,Dec
About Us,2022-12,10,2022,12,Dec
eJournals & eBooks,2023-01,601,2023,1,Jan
Subject Portals,2023-01,136,2023,1,Jan
Search Resources,2023-01,0,2023,1,Jan
Reference,2023-01,44,2023,1,Jan
Offsite Access,2023-01,86,2023,1,Jan
Local Library Contact,2023-01,47,2023,1,Jan
Library Catalogs,2023-01,49,2023,1,Jan
Home,2023-01,7151,2023,1,Jan
"Grants, Stats & Copyright",2023-01,5,2023,1,Jan
Education,2023-01,60,2023,1,Jan
Databases,2023-01,1995,2023,1,Jan
Browzine,2023-01,0,2023,1,Jan
Ask a Librarian,2023-01,74,2023,1,Jan
About Us,2023-01,6,2023,1,Jan
eJournals & eBooks,2023-02,555,2023,2,Feb
Subject Portals,2023-02,179,2023,2,Feb
Search Resources,2023-02,0,2023,2,Feb
Reference,2023-02,31,2023,2,Feb
Offsite Access,2023-02,81,2023,2,Feb
Local Library Contact,2023-02,32,2023,2,Feb
Library Catalogs,2023-02,42,2023,2,Feb
Home,2023-02,6882,2023,2,Feb
"Grants, Stats & Copyright",2023-02,3,2023,2,Feb
Education,2023-02,21,2023,2,Feb
Databases,2023-02,1927,2023,2,Feb
Browzine,2023-02,0,2023,2,Feb
Ask a Librarian,2023-02,61,2023,2,Feb
About Us,2023-02,10,2023,2,Feb
eJournals & eBooks,2023-03,568,2023,3,Mar
Subject Portals,2023-03,177,2023,3,Mar
Search Resources,2023-03,0,2023,3,Mar
Reference,2023-03,38,2023,3,Mar
Offsite Access,2023-03,106,2023,3,Mar
Local Library Contact,2023-03,38,2023,3,Mar
Library Catalogs,2023-03,53,2023,3,Mar
Home,2023-03,7672,2023,3,Mar
"Grants, Stats & Copyright",2023-03,6,2023,3,Mar
Education,2023-03,25,2023,3,Mar
Databases,2023-03,2125,2023,3,Mar
Browzine,2023-03,0,2023,3,Mar
Ask a Librarian,2023-03,71,2023,3,Mar
About Us,2023-03,4,2023,3,Mar
eJournals & eBooks,2023-04,457,2023,4,Apr
Subject Portals,2023-04,83,2023,4,Apr
Search Resources,2023-04,0,2023,4,Apr
Reference,2023-04,35,2023,4,Apr
Offsite Access,2023-04,72,2023,4,Apr
Local Library Contact,2023-04,20,2023,4,Apr
Library Catalogs,2023-04,21,2023,4,Apr
Home,2023-04,6484,2023,4,Apr
"Grants, Stats & Copyright",2023-04,4,2023,4,Apr
Education,2023-04,17,2023,4,Apr
Databases,2023-04,1915,2023,4,Apr
Browzine,2023-04,0,2023,4,Apr
Ask a Librarian,2023-04,43,2023,4,Apr
About Us,2023-04,7,2023,4,Apr
eJournals & eBooks,2023-05,474,2023,5,May
Subject Portals,2023-05,91,2023,5,May
Search Resources,2023-05,0,2023,5,May
Reference,2023-05,19,2023,5,May
Offsite Access,2023-05,104,2023,5,May
Local Library Contact,2023-05,33,2023,5,May
Library Catalogs,2023-05,39,2023,5,May
Home,2023-05,6730,2023,5,May
"Grants, Stats & Copyright",2023-05,8,2023,5,May
Education,2023-05,15,2023,5,May
Databases,2023-05,1899,2023,5,May
Browzine,2023-05,0,2023,5,May
Ask a Librarian,2023-05,49,2023,5,May
About Us,2023-05,4,2023,5,May
eJournals & eBooks,2023-06,530,2023,6,Jun
Subject Portals,2023-06,113,2023,6,Jun
Search Resources,2023-06,0,2023,6,Jun
Reference,2023-06,31,2023,6,Jun
Offsite Access,2023-06,90,2023,6,Jun
Local Library Contact,2023-06,46,2023,6,Jun
Library Catalogs,2023-06,35,2023,6,Jun
Home,2023-06,6212,2023,6,Jun
"Grants, Stats & Copyright",2023-06,1,2023,6,Jun
Education,2023-06,10,2023,6,Jun
Databases,2023-06,1976,2023,6,Jun
Browzine,2023-06,0,2023,6,Jun
Ask a Librarian,2023-06,93,2023,6,Jun
About Us,2023-06,14,2023,6,Jun
eJournals & eBooks,2023-07,479,2023,7,Jul
Subject Portals,2023-07,170,2023,7,Jul
Search Resources,2023-07,0,2023,7,Jul
Reference,2023-07,59,2023,7,Jul
Offsite Access,2023-07,98,2023,7,Jul
Local Library Contact,2023-07,57,2023,7,Jul
Library Catalogs,2023-07,54,2023,7,Jul
Home,2023-07,5461,2023,7,Jul
"Grants, Stats & Copyright",2023-07,11,2023,7,Jul
Education,2023-07,41,2023,7,Jul
Databases,2023-07,1695,2023,7,Jul
Browzine,2023-07,0,2023,7,Jul
Ask a Librarian,2023-07,70,2023,7,Jul
About Us,2023-07,14,2023,7,Jul
eJournals & eBooks,2023-08,592,2023,8,Aug
Subject Portals,2023-08,169,2023,8,Aug
Search Resources,2023-08,0,2023,8,Aug
Reference,2023-08,48,2023,8,Aug
Offsite Access,2023-08,121,2023,8,Aug
Local Library Contact,2023-08,40,2023,8,Aug
Library Catalogs,2023-08,50,2023,8,Aug
Home,2023-08,6465,2023,8,Aug
"Grants, Stats & Copyright",2023-08,11,2023,8,Aug
Education,2023-08,26,2023,8,Aug
Databases,2023-08,2340,2023,8,Aug
Browzine,2023-08,0,2023,8,Aug
Ask a Librarian,2023-08,87,2023,8,Aug
About Us,2023-08,14,2023,8,Aug
eJournals & eBooks,2023-09,478,2023,9,Sep
Subject Portals,2023-09,192,2023,9,Sep
Search Resources,2023-09,0,2023,9,Sep
Reference,2023-09,38,2023,9,Sep
Offsite Access,2023-09,116,2023,9,Sep
Local Library Contact,2023-09,43,2023,9,Sep
Library Catalogs,2023-09,51,2023,9,Sep
Home,2023-09,6263,2023,9,Sep
"Grants, Stats & Copyright",2023-09,12,2023,9,Sep
Education,2023-09,31,2023,9,Sep
Databases,2023-09,2329,2023,9,Sep
Browzine,2023-09,0,2023,9,Sep
Ask a Librarian,2023-09,78,2023,9,Sep
About Us,2023-09,9,2023,9,Sep
eJournals & eBooks,2023-10,510,2023,10,Oct
Subject Portals,2023-10,119,2023,10,Oct
Search Resources,2023-10,0,2023,10,Oct
Reference,2023-10,41,2023,10,Oct
Offsite Access,2023-10,80,2023,10,Oct
Local Library Contact,2023-10,44,2023,10,Oct
Library Catalogs,2023-10,65,2023,10,Oct
Home,2023-10,6242,2023,10,Oct
"Grants, Stats & Copyright",2023-10,5,2023,10,Oct
Education,2023-10,19,2023,10,Oct
Databases,2023-10,2188,2023,10,Oct
Browzine,2023-10,0,2023,10,Oct
Ask a Librarian,2023-10,104,2023,10,Oct
About Us,2023-10,11,2023,10,Oct
eJournals & eBooks,2023-11,456,2023,11,Nov
Subject Portals,2023-11,90,2023,11,Nov
Search Resources,2023-11,0,2023,11,Nov
Reference,2023-11,29,2023,11,Nov
Offsite Access,2023-11,100,2023,11,Nov
Local Library Contact,2023-11,49,2023,11,Nov
Library Catalogs,2023-11,43,2023,11,Nov
Home,2023-11,5855,2023,11,Nov
"Grants, Stats & Copyright",2023-11,2,2023,11,Nov
Education,2023-11,12,2023,11,Nov
Databases,2023-11,1929,2023,11,Nov
Browzine,2023-11,0,2023,11,Nov
Ask a Librarian,2023-11,62,2023,11,Nov
About Us,2023-11,12,2023,11,Nov
eJournals & eBooks,2023-12,331,2023,12,Dec
Subject Portals,2023-12,83,2023,12,Dec
Search Resources,2023-12,0,2023,12,Dec
Reference,2023-12,22,2023,12,Dec
Offsite Access,2023-12,74,2023,12,Dec
Local Library Contact,2023-12,29,2023,12,Dec
Library Catalogs,2023-12,26,2023,12,Dec
Home,2023-12,5093,2023,12,Dec
"Grants, Stats & Copyright",2023-12,5,2023,12,Dec
Education,2023-12,15,2023,12,Dec
Databases,2023-12,1633,2023,12,Dec
Browzine,2023-12,0,2023,12,Dec
Ask a Librarian,2023-12,51,2023,12,Dec
About Us,2023-12,2,2023,12,Dec
eJournals & eBooks,2024-01,451,2024,1,Jan
Subject Portals,2024-01,105,2024,1,Jan
Search Resources,2024-01,0,2024,1,Jan
Reference,2024-01,31,2024,1,Jan
Offsite Access,2024-01,86,2024,1,Jan
Local Library Contact,2024-01,32,2024,1,Jan
Library Catalogs,2024-01,42,2024,1,Jan
Home,2024-01,5991,2024,1,Jan
"Grants, Stats & Copyright",2024-01,5,2024,1,Jan
Education,2024-01,22,2024,1,Jan
Databases,2024-01,1822,2024,1,Jan
Browzine,2024-01,0,2024,1,Jan
Ask a Librarian,2024-01,49,2024,1,Jan
About Us,2024-01,7,2024,1,Jan
eJournals & eBooks,2024-02,474,2024,2,Feb
Subject Portals,2024-02,85,2024,2,Feb
Search Resources,2024-02,0,2024,2,Feb
Reference,2024-02,25,2024,2,Feb
Offsite Access,2024-02,68,2024,2,Feb
Local Library Contact,2024-02,29,2024,2,Feb
Library Catalogs,2024-02,61,2024,2,Feb
Home,2024-02,5754,2024,2,Feb
"Grants, Stats & Copyright",2024-02,6,2024,2,Feb
Education,2024-02,28,2024,2,Feb
Databases,2024-02,1781,2024,2,Feb
Browzine,2024-02,0,2024,2,Feb
Ask a Librarian,2024-02,47,2024,2,Feb
About Us,2024-02,6,2024,2,Feb
eJournals & eBooks,2024-03,521,2024,3,Mar
Subject Portals,2024-03,87,2024,3,Mar
Search Resources,2024-03,0,2024,3,Mar
Reference,2024-03,59,2024,3,Mar
Offsite Access,2024-03,84,2024,3,Mar
Local Library Contact,2024-03,36,2024,3,Mar
Library Catalogs,2024-03,61,2024,3,Mar
Home,2024-03,6256,2024,3,Mar
"Grants, Stats & Copyright",2024-03,7,2024,3,Mar
Education,2024-03,35,2024,3,Mar
Databases,2024-03,1807,2024,3,Mar
Browzine,2024-03,0,2024,3,Mar
Ask a Librarian,2024-03,62,2024,3,Mar
About Us,2024-03,7,2024,3,Mar
eJournals & eBooks,2024-04,467,2024,4,Apr
Subject Portals,2024-04,74,2024,4,Apr
Search Resources,2024-04,0,2024,4,Apr
Reference,2024-04,28,2024,4,Apr
Offsite Access,2024-04,72,2024,4,Apr
Local Library Contact,2024-04,29,2024,4,Apr
Library Catalogs,2024-04,35,2024,4,Apr
Home,2024-04,6080,2024,4,Apr
"Grants, Stats & Copyright",2024-04,11,2024,4,Apr
Education,2024-04,12,2024,4,Apr
Databases,2024-04,1740,2024,4,Apr
Browzine,2024-04,0,2024,4,Apr
Ask a Librarian,2024-04,59,2024,4,Apr
About Us,2024-04,9,2024,4,Apr
eJournals & eBooks,2024-05,476,2024,5,May
Subject Portals,2024-05,84,2024,5,May
Search Resources,2024-05,0,2024,5,May
Reference,2024-05,25,2024,5,May
Offsite Access,2024-05,81,2024,5,May
Local Library Contact,2024-05,35,2024,5,May
Library Catalogs,2024-05,54,2024,5,May
Home,2024-05,6060,2024,5,May
"Grants, Stats & Copyright",2024-05,4,2024,5,May
Education,2024-05,31,2024,5,May
Databases,2024-05,1759,2024,5,May
Browzine,2024-05,0,2024,5,May
Ask a Librarian,2024-05,65,2024,5,May
About Us,2024-05,6,2024,5,May
eJournals & eBooks,2024-06,393,2024,6,Jun
Subject Portals,2024-06,96,2024,6,Jun
Search Resources,2024-06,0,2024,6,Jun
Reference,2024-06,19,2024,6,Jun
Offsite Access,2024-06,60,2024,6,Jun
Local Library Contact,2024-06,28,2024,6,Jun
Library Catalogs,2024-06,47,2024,6,Jun
Home,2024-06,5021,2024,6,Jun
"Grants, Stats & Copyright",2024-06,3,2024,6,Jun
Education,2024-06,20,2024,6,Jun
Databases,2024-06,1475,2024,6,Jun
Browzine,2024-06,0,2024,6,Jun
Ask a Librarian,2024-06,61,2024,6,Jun
About Us,2024-06,6,2024,6,Jun
eJournals & eBooks,2024-07,486,2024,7,Jul
Subject Portals,2024-07,119,2024,7,Jul
Search Resources,2024-07,0,2024,7,Jul
Reference,2024-07,42,2024,7,Jul
Offsite Access,2024-07,87,2024,7,Jul
Local Library Contact,2024-07,45,2024,7,Jul
Library Catalogs,2024-07,55,2024,7,Jul
Home,2024-07,5991,2024,7,Jul
"Grants, Stats & Copyright",2024-07,10,2024,7,Jul
Education,2024-07,36,2024,7,Jul
Databases,2024-07,1749,2024,7,Jul
Browzine,2024-07,0,2024,7,Jul
Ask a Librarian,2024-07,102,2024,7,Jul
About Us,2024-07,12,2024,7,Jul
eJournals & eBooks,2024-08,436,2024,8,Aug
Subject Portals,2024-08,109,2024,8,Aug
Search Resources,2024-08,0,2024,8,Aug
Reference,2024-08,35,2024,8,Aug
Offsite Access,2024-08,114,2024,8,Aug
Local Library Contact,2024-08,30,2024,8,Aug
Library Catalogs,2024-08,50,2024,8,Aug
Home,2024-08,5665,2024,8,Aug
"Grants, Stats & Copyright",2024-08,12,2024,8,Aug
Education,2024-08,30,2024,8,Aug
Databases,2024-08,1491,2024,8,Aug
Browzine,2024-08,0,2024,8,Aug
Ask a Librarian,2024-08,48,2024,8,Aug
About Us,2024-08,4,2024,8,Aug
eJournals & eBooks,2024-09,483,2024,9,Sep
Subject Portals,2024-09,128,2024,9,Sep
Search Resources,2024-09,0,2024,9,Sep
Reference,2024-09,42,2024,9,Sep
Offsite Access,2024-09,87,2024,9,Sep
Local Library Contact,2024-09,31,2024,9,Sep
Library Catalogs,2024-09,56,2024,9,Sep
Home,2024-09,6074,2024,9,Sep
"Grants, Stats & Copyright",2024-09,2,2024,9,Sep
Education,2024-09,26,2024,9,Sep
Databases,2024-09,1787,2024,9,Sep
Browzine,2024-09,0,2024,9,Sep
Ask a Librarian,2024-09,86,2024,9,Sep
About Us,2024-09,9,2024,9,Sep
eJournals & eBooks,2024-10,476,2024,10,Oct
Subject Portals,2024-10,107,2024,10,Oct
Search Resources,2024-10,0,2024,10,Oct
Reference,2024-10,27,2024,10,Oct
Offsite Access,2024-10,87,2024,10,Oct
Local Library Contact,2024-10,22,2024,10,Oct
Library Catalogs,2024-10,53,2024,10,Oct
Home,2024-10,6271,2024,10,Oct
"Grants, Stats & Copyright",2024-10,3,2024,10,Oct
Education,2024-10,15,2024,10,Oct
Databases,2024-10,1838,2024,10,Oct
Browzine,2024-10,0,2024,10,Oct
Ask a Librarian,2024-10,69,2024,10,Oct
About Us,2024-10,10,2024,10,Oct
eJournals & eBooks,2024-11,387,2024,11,Nov
Subject Portals,2024-11,97,2024,11,Nov
Search Resources,2024-11,0,2024,11,Nov
Reference,2024-11,21,2024,11,Nov
Offsite Access,2024-11,85,2024,11,Nov
Local Library Contact,2024-11,33,2024,11,Nov
Library Catalogs,2024-11,33,2024,11,Nov
Home,2024-11,5495,2024,11,Nov
"Grants, Stats & Copyright",2024-11,19,2024,11,Nov
Education,2024-11,18,2024,11,Nov
Databases,2024-11,1546,2024,11,Nov
Browzine,2024-11,0,2024,11,Nov
Ask a Librarian,2024-11,78,2024,11,Nov
About Us,2024-11,6,2024,11,Nov
eJournals & eBooks,2024-12,404,2024,12,Dec
Subject Portals,2024-12,73,2024,12,Dec
Search Resources,2024-12,0,2024,12,Dec
Reference,2024-12,34,2024,12,Dec
Offsite Access,2024-12,63,2024,12,Dec
Local Library Contact,2024-12,24,2024,12,Dec
Library Catalogs,2024-12,34,2024,12,Dec
Home,2024-12,5397,2024,12,Dec
"Grants, Stats & Copyright",2024-12,24,2024,12,Dec
Education,2024-12,24,2024,12,Dec
Databases,2024-12,1481,2024,12,Dec
Browzine,2024-12,0,2024,12,Dec
Ask a Librarian,2024-12,50,2024,12,Dec
About Us,2024-12,8,2024,12,Dec
eJournals & eBooks,2025-01,684,2025,1,Jan
Subject Portals,2025-01,152,2025,1,Jan
Search Resources,2025-01,0,2025,1,Jan
Reference,2025-01,58,2025,1,Jan
Offsite Access,2025-01,152,2025,1,Jan
Local Library Contact,2025-01,72,2025,1,Jan
Library Catalogs,2025-01,71,2025,1,Jan
Home,2025-01,8087,2025,1,Jan
"Grants, Stats & Copyright",2025-01,22,2025,1,Jan
Education,2025-01,53,2025,1,Jan
Databases,2025-01,2207,2025,1,Jan
Browzine,2025-01,0,2025,1,Jan
Ask a Librarian,2025-01,146,2025,1,Jan
About Us,2025-01,18,2025,1,Jan
eJournals & eBooks,2025-02,569,2025,2,Feb
Subject Portals,2025-02,113,2025,2,Feb
Search Resources,2025-02,0,2025,2,Feb
Reference,2025-02,46,2025,2,Feb
Offsite Access,2025-02,98,2025,2,Feb
Local Library Contact,2025-02,29,2025,2,Feb
Library Catalogs,2025-02,66,2025,2,Feb
Home,2025-02,6468,2025,2,Feb
"Grants, Stats & Copyright",2025-02,7,2025,2,Feb
Education,2025-02,25,2025,2,Feb
Databases,2025-02,1705,2025,2,Feb
Browzine,2025-02,0,2025,2,Feb
Ask a Librarian,2025-02,83,2025,2,Feb
About Us,2025-02,13,2025,2,Feb
eJournals & eBooks,2025-03,569,2025,3,Mar
Subject Portals,2025-03,121,2025,3,Mar
Search Resources,2025-03,0,2025,3,Mar
Reference,2025-03,48,2025,3,Mar
Offsite Access,2025-03,81,2025,3,Mar
Local Library Contact,2025-03,42,2025,3,Mar
Library Catalogs,2025-03,55,2025,3,Mar
Home,2025-03,6043,2025,3,Mar
"Grants, Stats & Copyright",2025-03,8,2025,3,Mar
Education,2025-03,38,2025,3,Mar
Databases,2025-03,1646,2025,3,Mar
Browzine,2025-03,0,2025,3,Mar
Ask a Librarian,2025-03,76,2025,3,Mar
About Us,2025-03,3,2025,3,Mar
eJournals & eBooks,2025-04,550,2025,4,Apr
Subject Portals,2025-04,111,2025,4,Apr
Search Resources,2025-04,0,2025,4,Apr
Reference,2025-04,27,2025,4,Apr
Offsite Access,2025-04,49,2025,4,Apr
Local Library Contact,2025-04,26,2025,4,Apr
Library Catalogs,2025-04,48,2025,4,Apr
Home,2025-04,5836,2025,4,Apr
"Grants, Stats & Copyright",2025-04,3,2025,4,Apr
Education,2025-04,39,2025,4,Apr
Databases,2025-04,1693,2025,4,Apr
Browzine,2025-04,0,2025,4,Apr
Ask a Librarian,2025-04,77,2025,4,Apr
About Us,2025-04,2,2025,4,Apr
eJournals & eBooks,2025-05,535,2025,5,May
Subject Portals,2025-05,111,2025,5,May
Search Resources,2025-05,0,2025,5,May
Reference,2025-05,41,2025,5,May
Offsite Access,2025-05,62,2025,5,May
Local Library Contact,2025-05,26,2025,5,May
Library Catalogs,2025-05,44,2025,5,May
Home,2025-05,5261,2025,5,May
"Grants, Stats & Copyright",2025-05,7,2025,5,May
Education,2025-05,31,2025,5,May
Databases,2025-05,1624,2025,5,May
Browzine,2025-05,0,2025,5,May
Ask a Librarian,2025-05,90,2025,5,May
About Us,2025-05,6,2025,5,May
eJournals & eBooks,2025-06,386,2025,6,Jun
Subject Portals,2025-06,65,2025,6,Jun
Search Resources,2025-06,0,2025,6,Jun
Reference,2025-06,16,2025,6,Jun
Offsite Access,2025-06,39,2025,6,Jun
Local Library Contact,2025-06,12,2025,6,Jun
Library Catalogs,2025-06,29,2025,6,Jun
Home,2025-06,4607,2025,6,Jun
"Grants, Stats & Copyright",2025-06,4,2025,6,Jun
Education,2025-06,12,2025,6,Jun
Databases,2025-06,1510,2025,6,Jun
Browzine,2025-06,0,2025,6,Jun
Ask a Librarian,2025-06,49,2025,6,Jun
About Us,2025-06,2,2025,6,Jun
eJournals & eBooks,2025-07,559,2025,7,Jul
Subject Portals,2025-07,102,2025,7,Jul
Search Resources,2025-07,0,2025,7,Jul
Reference,2025-07,28,2025,7,Jul
Offsite Access,2025-07,98,2025,7,Jul
Local Library Contact,2025-07,31,2025,7,Jul
Library Catalogs,2025-07,41,2025,7,Jul
Home,2025-07,6287,2025,7,Jul
"Grants, Stats & Copyright",2025-07,6,2025,7,Jul
Education,2025-07,22,2025,7,Jul
Databases,2025-07,1953,2025,7,Jul
Browzine,2025-07,0,2025,7,Jul
Ask a Librarian,2025-07,96,2025,7,Jul
About Us,2025-07,9,2025,7,Jul
eJournals & eBooks,2025-08,489,2025,8,Aug
Subject Portals,2025-08,93,2025,8,Aug
Search Resources,2025-08,0,2025,8,Aug
Reference,2025-08,25,2025,8,Aug
Offsite Access,2025-08,57,2025,8,Aug
Local Library Contact,2025-08,32,2025,8,Aug
Library Catalogs,2025-08,48,2025,8,Aug
Home,2025-08,4743,2025,8,Aug
"Grants, Stats & Copyright",2025-08,2,2025,8,Aug
Education,2025-08,44,2025,8,Aug
Databases,2025-08,1772,2025,8,Aug
Browzine,2025-08,0,2025,8,Aug
Ask a Librarian,2025-08,79,2025,8,Aug
About Us,2025-08,5,2025,8,Aug
eJournals & eBooks,2025-09,316,2025,9,Sep
Subject Portals,2025-09,54,2025,9,Sep
Search Resources,2025-09,0,2025,9,Sep
Reference,2025-09,24,2025,9,Sep
Offsite Access,2025-09,45,2025,9,Sep
Local Library Contact,2025-09,10,2025,9,Sep
Library Catalogs,2025-09,31,2025,9,Sep
Home,2025-09,3191,2025,9,Sep
"Grants, Stats & Copyright",2025-09,9,2025,9,Sep
Education,2025-09,66,2025,9,Sep
Databases,2025-09,1160,2025,9,Sep
Browzine,2025-09,0,2025,9,Sep
Ask a Librarian,2025-09,60,2025,9,Sep
About Us,2025-09,5,2025,9,Sep
