Year,Month_Num,Month,Scenario,Projected_Usage
2026,1,Jan,Worst,47.1
2026,2,Feb,Worst,42.8
2026,3,Mar,Worst,48.6
2026,4,Apr,Worst,37.1
2026,5,May,Worst,42.5
2026,6,Jun,Worst,36.2
2026,7,Jul,Worst,48.5
2026,8,Aug,Worst,45.3
2026,9,Sep,Worst,48.6
2026,10,Oct,Worst,46.2
2026,11,Nov,Worst,38.8
2026,12,Dec,Worst,35.1
2027,1,Jan,Worst,46.2
2027,2,Feb,Worst,42.0
2027,3,Mar,Worst,47.6
2027,4,Apr,Worst,36.4
2027,5,May,Worst,41.7
2027,6,Jun,Worst,35.4
2027,7,Jul,Worst,47.5
2027,8,Aug,Worst,44.4
2027,9,Sep,Worst,47.6
2027,10,Oct,Worst,45.2
2027,11,Nov,Worst,38.0
2027,12,Dec,Worst,34.4
2028,1,Jan,Worst,45.3
2028,2,Feb,Worst,41.1
2028,3,Mar,Worst,46.7
2028,4,Apr,Worst,35.7
2028,5,May,Worst,40.8
2028,6,Jun,Worst,34.7
2028,7,Jul,Worst,46.6
2028,8,Aug,Worst,43.5
2028,9,Sep,Worst,46.7
2028,10,Oct,Worst,44.3
2028,11,Nov,Worst,37.3
2028,12,Dec,Worst,33.7
2029,1,Jan,Worst,44.4
2029,2,Feb,Worst,40.3
2029,3,Mar,Worst,45.7
2029,4,Apr,Worst,35.0
2029,5,May,Worst,40.0
2029,6,Jun,Worst,34.0
2029,7,Jul,Worst,45.7
2029,8,Aug,Worst,42.6
2029,9,Sep,Worst,45.7
2029,10,Oct,Worst,43.4
2029,11,Nov,Worst,36.5
2029,12,Dec,Worst,33.0
2030,1,Jan,Worst,43.5
2030,2,Feb,Worst,39.5
2030,3,Mar,Worst,44.8
2030,4,Apr,Worst,34.3
2030,5,May,Worst,39.2
2030,6,Jun,Worst,33.4
2030,7,Jul,Worst,44.7
2030,8,Aug,Worst,41.8
2030,9,Sep,Worst,44.8
2030,10,Oct,Worst,42.6
2030,11,Nov,Worst,35.8
2030,12,Dec,Worst,32.4
2031,1,Jan,Worst,42.6
2031,2,Feb,Worst,38.7
2031,3,Mar,Worst,43.9
2031,4,Apr,Worst,33.6
2031,5,May,Worst,38.4
2031,6,Jun,Worst,32.7
2031,7,Jul,Worst,43.8
2031,8,Aug,Worst,40.9
2031,9,Sep,Worst,43.9
2031,10,Oct,Worst,41.7
2031,11,Nov,Worst,35.1
2031,12,Dec,Worst,31.7
2032,1,Jan,Worst,41.8
2032,2,Feb,Worst,37.9
2032,3,Mar,Worst,43.1
2032,4,Apr,Worst,32.9
2032,5,May,Worst,37.7
2032,6,Jun,Worst,32.0
2032,7,Jul,Worst,43.0
2032,8,Aug,Worst,40.1
2032,9,Sep,Worst,43.0
2032,10,Oct,Worst,40.9
2032,11,Nov,Worst,34.4
2032,12,Dec,Worst,31.1
2033,1,Jan,Worst,40.9
2033,2,Feb,Worst,37.2
2033,3,Mar,Worst,42.2
2033,4,Apr,Worst,32.2
2033,5,May,Worst,36.9
2033,6,Jun,Worst,31.4
2033,7,Jul,Worst,42.1
2033,8,Aug,Worst,39.3
2033,9,Sep,Worst,42.2
2033,10,Oct,Worst,40.1
2033,11,Nov,Worst,33.7
2033,12,Dec,Worst,30.5
2034,1,Jan,Worst,40.1
2034,2,Feb,Worst,36.4
2034,3,Mar,Worst,41.4
2034,4,Apr,Worst,31.6
2034,5,May,Worst,36.2
2034,6,Jun,Worst,30.8
2034,7,Jul,Worst,41.3
2034,8,Aug,Worst,38.5
2034,9,Sep,Worst,41.3
2034,10,Oct,Worst,39.3
2034,11,Nov,Worst,33.0
2034,12,Dec,Worst,29.8
2035,1,Jan,Worst,39.3
2035,2,Feb,Worst,35.7
2035,3,Mar,Worst,40.5
2035,4,Apr,Worst,31.0
2035,5,May,Worst,35.5
2035,6,Jun,Worst,30.1
2035,7,Jul,Worst,40.4
2035,8,Aug,Worst,37.7
2035,9,Sep,Worst,40.5
2035,10,Oct,Worst,38.5
2035,11,Nov,Worst,32.4
2035,12,Dec,Worst,29.3
2026,1,Jan,Base,48.1
2026,2,Feb,Base,43.7
2026,3,Mar,Base,49.6
2026,4,Apr,Base,37.9
2026,5,May,Base,43.4
2026,6,Jun,Base,36.9
2026,7,Jul,Base,49.5
2026,8,Aug,Base,46.2
2026,9,Sep,Base,49.6
2026,10,Oct,Base,47.1
2026,11,Nov,Base,39.6
2026,12,Dec,Base,35.8
2027,1,Jan,Base,48.1
2027,2,Feb,Base,43.7
2027,3,Mar,Base,49.6
2027,4,Apr,Base,37.9
2027,5,May,Base,43.4
2027,6,Jun,Base,36.9
2027,7,Jul,Base,49.5
2027,8,Aug,Base,46.2
2027,9,Sep,Base,49.6
2027,10,Oct,Base,47.1
2027,11,Nov,Base,39.6
2027,12,Dec,Base,35.8
2028,1,Jan,Base,48.1
2028,2,Feb,Base,43.7
2028,3,Mar,Base,49.6
2028,4,Apr,Base,37.9
2028,5,May,Base,43.4
2028,6,Jun,Base,36.9
2028,7,Jul,Base,49.5
2028,8,Aug,Base,46.2
2028,9,Sep,Base,49.6
2028,10,Oct,Base,47.1
2028,11,Nov,Base,39.6
2028,12,Dec,Base,35.8
2029,1,Jan,Base,48.1
2029,2,Feb,Base,43.7
2029,3,Mar,Base,49.6
2029,4,Apr,Base,37.9
2029,5,May,Base,43.4
2029,6,Jun,Base,36.9
2029,7,Jul,Base,49.5
2029,8,Aug,Base,46.2
2029,9,Sep,Base,49.6
2029,10,Oct,Base,47.1
2029,11,Nov,Base,39.6
2029,12,Dec,Base,35.8
2030,1,Jan,Base,48.1
2030,2,Feb,Base,43.7
2030,3,Mar,Base,49.6
2030,4,Apr,Base,37.9
2030,5,May,Base,43.4
2030,6,Jun,Base,36.9
2030,7,Jul,Base,49.5
2030,8,Aug,Base,46.2
2030,9,Sep,Base,49.6
2030,10,Oct,Base,47.1
2030,11,Nov,Base,39.6
2030,12,Dec,Base,35.8
2031,1,Jan,Base,48.1
2031,2,Feb,Base,43.7
2031,3,Mar,Base,49.6
2031,4,Apr,Base,37.9
2031,5,May,Base,43.4
2031,6,Jun,Base,36.9
2031,7,Jul,Base,49.5
2031,8,Aug,Base,46.2
2031,9,Sep,Base,49.6
2031,10,Oct,Base,47.1
2031,11,Nov,Base,39.6
2031,12,Dec,Base,35.8
2032,1,Jan,Base,48.1
2032,2,Feb,Base,43.7
2032,3,Mar,Base,49.6
2032,4,Apr,Base,37.9
2032,5,May,Base,43.4
2032,6,Jun,Base,36.9
2032,7,Jul,Base,49.5
2032,8,Aug,Base,46.2
2032,9,Sep,Base,49.6
2032,10,Oct,Base,47.1
2032,11,Nov,Base,39.6
2032,12,Dec,Base,35.8
2033,1,Jan,Base,48.1
2033,2,Feb,Base,43.7
2033,3,Mar,Base,49.6
2033,4,Apr,Base,37.9
2033,5,May,Base,43.4
2033,6,Jun,Base,36.9
2033,7,Jul,Base,49.5
2033,8,Aug,Base,46.2
2033,9,Sep,Base,49.6
2033,10,Oct,Base,47.1
2033,11,Nov,Base,39.6
2033,12,Dec,Base,35.8
2034,1,Jan,Base,48.1
2034,2,Feb,Base,43.7
2034,3,Mar,Base,49.6
2034,4,Apr,Base,37.9
2034,5,May,Base,43.4
2034,6,Jun,Base,36.9
2034,7,Jul,Base,49.5
2034,8,Aug,Base,46.2
2034,9,Sep,Base,49.6
2034,10,Oct,Base,47.1
2034,11,Nov,Base,39.6
2034,12,Dec,Base,35.8
2035,1,Jan,Base,48.1
2035,2,Feb,Base,43.7
2035,3,Mar,Base,49.6
2035,4,Apr,Base,37.9
2035,5,May,Base,43.4
2035,6,Jun,Base,36.9
2035,7,Jul,Base,49.5
2035,8,Aug,Base,46.2
2035,9,Sep,Base,49.6
2035,10,Oct,Base,47.1
2035,11,Nov,Base,39.6
2035,12,Dec,Base,35.8
2026,1,Jan,Best,50.5
2026,2,Feb,Best,45.9
2026,3,Mar,Best,52.1
2026,4,Apr,Best,39.8
2026,5,May,Best,45.6
2026,6,Jun,Best,38.7
2026,7,Jul,Best,52.0
2026,8,Aug,Best,48.5
2026,9,Sep,Best,52.1
2026,10,Oct,Best,49.5
2026,11,Nov,Best,41.6
2026,12,Dec,Best,37.6
2027,1,Jan,Best,53.0
2027,2,Feb,Best,48.2
2027,3,Mar,Best,54.7
2027,4,Apr,Best,41.8
2027,5,May,Best,47.8
2027,6,Jun,Best,40.7
2027,7,Jul,Best,54.6
2027,8,Aug,Best,50.9
2027,9,Sep,Best,54.7
2027,10,Oct,Best,51.9
2027,11,Nov,Best,43.7
2027,12,Dec,Best,39.5
2028,1,Jan,Best,55.7
2028,2,Feb,Best,50.6
2028,3,Mar,Best,57.4
2028,4,Apr,Best,43.9
2028,5,May,Best,50.2
2028,6,Jun,Best,42.7
2028,7,Jul,Best,57.3
2028,8,Aug,Best,53.5
2028,9,Sep,Best,57.4
2028,10,Oct,Best,54.5
2028,11,Nov,Best,45.8
2028,12,Dec,Best,41.4
2029,1,Jan,Best,58.5
2029,2,Feb,Best,53.1
2029,3,Mar,Best,60.3
2029,4,Apr,Best,46.1
2029,5,May,Best,52.8
2029,6,Jun,Best,44.9
2029,7,Jul,Best,60.2
2029,8,Aug,Best,56.2
2029,9,Sep,Best,60.3
2029,10,Oct,Best,57.3
2029,11,Nov,Best,48.1
2029,12,Dec,Best,43.5
2030,1,Jan,Best,61.4
2030,2,Feb,Best,55.8
2030,3,Mar,Best,63.3
2030,4,Apr,Best,48.4
2030,5,May,Best,55.4
2030,6,Jun,Best,47.1
2030,7,Jul,Best,63.2
2030,8,Aug,Best,59.0
2030,9,Sep,Best,63.3
2030,10,Oct,Best,60.1
2030,11,Nov,Best,50.5
2030,12,Dec,Best,45.7
2031,1,Jan,Best,64.5
2031,2,Feb,Best,58.6
2031,3,Mar,Best,66.5
2031,4,Apr,Best,50.8
2031,5,May,Best,58.2
2031,6,Jun,Best,49.4
2031,7,Jul,Best,66.3
2031,8,Aug,Best,61.9
2031,9,Sep,Best,66.4
2031,10,Oct,Best,63.1
2031,11,Nov,Best,53.1
2031,12,Dec,Best,48.0
2032,1,Jan,Best,67.7
2032,2,Feb,Best,61.5
2032,3,Mar,Best,69.8
2032,4,Apr,Best,53.3
2032,5,May,Best,61.1
2032,6,Jun,Best,51.9
2032,7,Jul,Best,69.7
2032,8,Aug,Best,65.0
2032,9,Sep,Best,69.8
2032,10,Oct,Best,66.3
2032,11,Nov,Best,55.7
2032,12,Dec,Best,50.4
2033,1,Jan,Best,71.1
2033,2,Feb,Best,64.6
2033,3,Mar,Best,73.3
2033,4,Apr,Best,56.0
2033,5,May,Best,64.1
2033,6,Jun,Best,54.5
2033,7,Jul,Best,73.1
2033,8,Aug,Best,68.3
2033,9,Sep,Best,73.3
2033,10,Oct,Best,69.6
2033,11,Nov,Best,58.5
2033,12,Dec,Best,52.9
2034,1,Jan,Best,74.6
2034,2,Feb,Best,67.8
2034,3,Mar,Best,76.9
2034,4,Apr,Best,58.8
2034,5,May,Best,67.3
2034,6,Jun,Best,57.2
2034,7,Jul,Best,76.8
2034,8,Aug,Best,71.7
2034,9,Sep,Best,76.9
2034,10,Oct,Best,73.1
2034,11,Nov,Best,61.4
2034,12,Dec,Best,55.5
2035,1,Jan,Best,78.3
2035,2,Feb,Best,71.2
2035,3,Mar,Best,80.8
2035,4,Apr,Best,61.7
2035,5,May,Best,70.7
2035,6,Jun,Best,60.1
2035,7,Jul,Best,80.6
2035,8,Aug,Best,75.3
2035,9,Sep,Best,80.8
2035,10,Oct,Best,76.7
2035,11,Nov,Best,64.5
2035,12,Dec,Best,58.3
